rucne-omietky	https://www.espron.sk/rucne-omietky	2026-03-24
zateplenie-fasady__trencin	https://www.espron.sk/zateplenie-fasady/trencin	2026-03-24
interierovy-dizajn	https://www.espron.sk/interierovy-dizajn	2026-03-24
zateplenie-fasady__mineralna-vlna	https://www.espron.sk/zateplenie-fasady/mineralna-vlna	2026-03-24
zateplenie-fasady__trnava	https://www.espron.sk/zateplenie-fasady/trnava	2026-03-24
zateplenie-fasady__svojpomocne	https://www.espron.sk/zateplenie-fasady/svojpomocne	2026-03-24
zateplenie-fasady__faq	https://www.espron.sk/zateplenie-fasady/faq	2026-03-24
zateplenie-fasady	https://www.espron.sk/zateplenie-fasady	2026-03-24
tepovanie	https://www.espron.sk/tepovanie	2026-03-24
zateplenie-fasady__kosice	https://www.espron.sk/zateplenie-fasady/kosice	2026-03-24
zateplenie-fasady__nitra	https://www.espron.sk/zateplenie-fasady/nitra	2026-03-24
zateplenie-fasady__polystyren-biely-sivy	https://www.espron.sk/zateplenie-fasady/polystyren-biely-sivy	2026-03-24
kontakt	https://www.espron.sk/kontakt	2026-03-24
sadrokartonove-prace	https://www.espron.sk/sadrokartonove-prace	2026-03-24
zateplenie-fasady__bratislava	https://www.espron.sk/zateplenie-fasady/bratislava	2026-03-24
o-nas	https://www.espron.sk/o-nas	2026-03-24
cistenie-dlazby	https://www.espron.sk/cistenie-dlazby	2026-03-24
cistenie-fasady	https://www.espron.sk/cistenie-fasady	2026-03-24
personalny-leasing-stavbarov	https://www.espron.sk/personalny-leasing-stavbarov	2026-03-24
home	https://www.espron.sk	2026-03-24
